algorithm,execution_time_ms,execution_time_std,memory_usage_bytes,memory_peak_bytes,portfolio_return,portfolio_sharpe,portfolio_std,num_stocks,input_size,num_runs
Greedy,0.6304999813437462,0.2008105712569555,9760.0,9760,0.26009635880077225,3.0194143450728315,0.06779339812530259,50,50,5
DP Knapsack,18445.07341994904,542.1654799387422,196476.8,198712,0.22538222603711308,3.261182323944256,0.05212288340614059,47,50,5
Equal Weight,0.47632004134356976,0.34022806843362247,2888.0,2888,0.2030443548252801,3.012572161779714,0.04900940023891656,50,50,5
