algorithm,execution_time_ms,execution_time_std,memory_usage_mb,memory_peak_mb,portfolio_return,portfolio_sharpe,portfolio_std,num_stocks,input_size,num_runs
Greedy,1.1756599880754948,0.28757619984496646,0.009307861328125,0.009307861328125,0.2559965756662507,3.0386275520581525,0.06693698789392079,50,50,5
DP Knapsack,32384.041740000248,690.135449723247,0.2197559356689453,0.22740650177001953,0.22475003992114884,3.2826947557578943,0.05244168365614718,47,50,5
Equal Weight,0.3169999457895756,0.06457141963989317,0.00275421142578125,0.00275421142578125,0.20197476300454342,3.039231667471035,0.0491488571283673,50,50,5
